model,threshold,accuracy,precision,recall,f1,roc_auc
ConvNeXt RD,0.18,0.9759036144578314,0.9841269841269841,0.9841269841269841,0.9841269841269841,0.9936507936507937
